Name,Age,Department,Salary,Performance Rating
Madeline Considine,51,HR,47000,3.3
Sherri Rolfson,49,Developer,57000,3.8
Ms. Kelley Kirlin,58,QA,41000,3.5
Jim Farrell,59,HR,26000,3.4
Emanuel Quigley-Treutel,35,Marketing,52000,4.2
Marlon Gutkowski,42,QA,56000,4.3
Doreen Mraz,23,Developer,37000,4.6
Marsha Carroll,50,Marketing,88000,3.6
Pete Goldner,52,Developer,83000,2.9
Mandy Leannon,47,QA,20000,4.3
Barry Rowe,39,QA,29000,2.6
Everett Goyette,56,Sales,93000,3.2
Miss Maxine Marvin,32,HR,75000,4.8
Ms. Pauline Grady,25,QA,82000,3.8
Mr. Tommie Olson,25,Developer,40000,4.1
Perry Zboncak,51,QA,63000,4.9
Michael Spencer,29,QA,89000,3.8
Dr. Charlene Hane,34,HR,51000,3.3
Paula Hane,31,Developer,61000,3.2
Patricia Labadie,22,Sales,67000,2.8
Claude Rutherford,29,Developer,63000,2.5
Elbert Corwin,25,HR,62000,3.0
Simon Weissnat PhD,41,HR,26000,3.6
Catherine Schoen,49,QA,72000,3.1
Marc Skiles DDS,47,Marketing,27000,2.8
Dean Cassin,32,HR,54000,4.9
Annette Robel,34,Marketing,63000,3.7
Mr. Patrick Larson,38,HR,77000,3.4
Jeannie Wyman DDS,44,Developer,95000,2.8
Israel Block IV,52,QA,65000,4.2
Sarah Walter,27,Sales,57000,4.3
Dr. Mona Rogahn,52,Developer,67000,4.8
Jan Schmeler,24,Developer,81000,4.3
Casey Kuvalis,38,Marketing,67000,4.5
Carole Medhurst,37,HR,79000,3.2
Ms. Essie Torp-Hayes,43,Sales,88000,2.9
Dr. Seth Kerluke,30,Sales,25000,3.7
Emmett Wunsch,55,HR,39000,4.4
Hannah Legros,53,QA,96000,4.5
Joe Kerluke,26,Marketing,63000,4.1
Guy Buckridge,52,HR,75000,4.0
Marsha Ondricka,37,Developer,28000,4.9
Milton Keebler,30,QA,96000,3.9
Timothy Hyatt-Leuschke,52,HR,38000,3.5
Winifred Glover-Robel,20,QA,92000,3.7
Lana Skiles,32,QA,34000,2.9
Julio Wehner,44,Sales,35000,3.6
Ada Abbott,26,QA,99000,4.9
Caroline Stark,37,Marketing,83000,3.5
Angelica MacGyver-Bartoletti,31,Sales,79000,3.3
Lamar Kiehn,39,QA,45000,5.0
Rafael Orn,48,QA,33000,4.2
Ernestine Jast,59,Marketing,83000,3.0
Gretchen McKenzie,29,Marketing,62000,4.5
Andres Lubowitz,34,HR,87000,3.3
Colleen Ortiz,56,Sales,48000,3.1
Rodney Wuckert,39,Marketing,60000,4.7
Todd Quigley,53,Marketing,82000,4.7
Dean Mayert,29,Marketing,23000,3.5
Enrique Pfeffer III,51,Marketing,33000,3.1
Lynette Jones Jr.,53,Developer,36000,2.6
Sally Wolff,20,HR,68000,3.2
Dr. Gerardo Cartwright,20,Marketing,92000,3.1
Tony Senger,35,HR,23000,4.4
Darla Schowalter,29,QA,87000,3.0
Winifred Leffler,52,Developer,78000,2.7
Claude Mosciski,22,Sales,39000,4.7
Mr. Gregory Altenwerth,51,QA,56000,3.7
Kayla Kuvalis,43,Developer,65000,2.7
Brooke Cartwright,51,Developer,23000,2.6
Anna Nader,50,HR,75000,2.5
Ron Haley,52,Sales,20000,2.9
Natasha Johnson Sr.,28,HR,99000,3.7
Pearl Mayer IV,25,HR,71000,4.9
Ethel Larson-Goodwin,32,QA,52000,3.6
Phyllis Zieme,25,Sales,59000,2.8
Violet Rolfson DDS,36,Sales,60000,4.4
Miss Karla D'Amore,48,Developer,65000,4.6
Gustavo Rau,28,QA,28000,3.6
Eduardo Harvey,50,Developer,45000,5.0
Marie Gerhold,40,Sales,36000,2.5
Shari Streich,30,Developer,97000,4.3
Sheri Hartmann,43,HR,62000,2.9
Mrs. Tamara Kerluke,36,Sales,54000,3.6
Martin Bednar,42,QA,53000,4.4
Miss Essie Ortiz-Lueilwitz,55,Developer,94000,4.8
Angel Pollich,23,Sales,33000,4.4
William Dickens,36,HR,93000,5.0
Tabitha Brakus DDS,48,Sales,52000,3.0
Cora Nader,50,Sales,30000,4.6
Noel Watsica,33,Sales,61000,4.9
Ian Wilkinson,53,Developer,26000,3.2
Greg Hagenes,53,Marketing,72000,4.0
Jeffery Flatley MD,48,QA,81000,3.4
Gilbert Schmidt,27,Marketing,21000,3.7
Alan Stoltenberg,57,Marketing,99000,4.9
Ricky Dooley,57,QA,20000,2.7
Geoffrey Block,32,Marketing,69000,4.0
Alexis Effertz-Leannon,44,QA,64000,2.8
Peggy Wintheiser,47,QA,76000,3.3